College_Name,State,Fees,Rating
A. C. Patil College of Engineering - [ACPCE],Unknown,Unknown,8.7
A. D. Patel Institute of Technology - [ADIT],Unknown,Unknown,7.3
A. P. Shah Institute of Technology - [APSIT],Unknown,Unknown,8.5
AAA College of Engineering & Technology,Unknown,Unknown,9.6
ABES Engineering College,Unknown,Unknown,8.8
ABES Institute of Technology - [ABESIT],Unknown,Unknown,6.6
ACE Engineering College - [ACEEC],Unknown,Unknown,8.8
AISSMS College of Engineering - [AISSMSCOE],Unknown,Unknown,7.7
AISSMS Institute of Information Technology,Unknown,Unknown,8.1
AKS University - [AKSU],Unknown,Unknown,7.0
AP Goyal Shimla University,Unknown,Unknown,8.7
Academy for Technical and Management Excellence - [ATME],Unknown,Unknown,4.2
Academy of Maritime Education and Training University - [AMET],Unknown,Unknown,8.8
Academy of Technology -  [AOT],Unknown,Unknown,9.0
Acharya Institute of Technology - [AIT],Unknown,Unknown,6.5
Acropolis Institute of Technology & Research - [AITR],Unknown,Unknown,8.8
Adani Institute of Infrastructure Engineering - [AIIE],Unknown,Unknown,7.6
Adhiyamaan College of Engineering,Unknown,Unknown,7.9
Adichunchanagiri Institute of Technology- [AIT],Unknown,Unknown,10.0
Adichunchanagiri University - [ACU],Unknown,Unknown,7.7
Adithya Institute of Technology - [AIT],Unknown,Unknown,6.3
Aditya College Of Engineering and Technology - [ACET],Unknown,Unknown,8.0
Aditya College of Agricultural Engineering and Technology,Unknown,Unknown,7.7
Aditya Engineering College - [AEC],Unknown,Unknown,9.0
Aditya Institute of Technology and Management -[AITAM],Unknown,Unknown,7.1
Aditya Silver Oak Institute of Technology - [ASOIT],Unknown,Unknown,8.3
Agra College,Unknown,Unknown,6.3
Ahmedabad University,Unknown,Unknown,9.5
Ajay Kumar Garg Engineering College - [AKGEC],Unknown,Unknown,8.2
Ajeenkya DY  Patil University - [ADYPU],Unknown,Unknown,7.8
Akshaya College of Engineering and Technology-[ACET],Unknown,Unknown,7.2
"Alagappa College of Technology, Anna University - [ACT]",Unknown,Unknown,7.7
Aliah University,Unknown,Unknown,8.1
Aligarh College of Engineering and Technology - [ACET],Unknown,Unknown,6.7
Aligarh Muslim University - [AMU],Unknown,Unknown,8.8
Allenhouse Institute of Technology,Unknown,Unknown,7.2
Alliance School of Law,Unknown,Unknown,9.0
Alliance University,Unknown,Unknown,7.7
Alva's Institute of Engineering and Technology,Unknown,Unknown,8.6
Amal Jyothi College of Engineering  - [AJCE],Unknown,Unknown,8.4
Amity Institute of Biotechnology - [AIB],Unknown,Unknown,7.8
Amity School of Engineering & Technology - [ASET],Unknown,Unknown,6.2
Amity University,Unknown,Unknown,8.4
Amrita School of Engineering - [ASE],Unknown,Unknown,9.2
Amrita Vishwa Vidyapeetham,Unknown,Unknown,8.0
Amrita Vishwa Vidyapeetham Bengaluru Campus,Unknown,Unknown,8.7
Amrutvahini College of Engineering - [AVCOE],Unknown,Unknown,9.5
Anand College of Engineering and Management - [ACEM],Unknown,Unknown,7.8
Anand Engineering College - [AEC],Unknown,Unknown,9.7
Anand International College of Engineering,Unknown,Unknown,9.7
Anantha Lakshmi Institute of Technology and Sciences - [ALITS],Unknown,Unknown,9.0
Andhra University - [AU],Unknown,Unknown,6.3
"Andhra University, College of Engineering - [AUCE]",Unknown,Unknown,7.7
Anil Neerukonda Institute of Technology & Sciences - [ANITS],Unknown,Unknown,8.1
Anjuman-I-Islam's Kalsekar Technical Campus - [AIKTC],Unknown,Unknown,8.2
Anna University - [AU],Unknown,Unknown,7.3
Anna University of Technology,Unknown,Unknown,4.8
Annai College of Engineering and Technology - [ACET],Unknown,Unknown,7.8
Annamacharya Institute of Technology and Science - [AITS],Unknown,Unknown,8.0
Annamacharya Institute of Technology and Sciences - [AITS],Unknown,Unknown,7.3
Annasaheb Dange College of Engineering & Technology - [ADCET],Unknown,Unknown,7.7
Anurag University,Unknown,Unknown,9.0
Aravali College of Engineering and Management - [ACEM],Unknown,Unknown,9.2
Arifa Institute of Technology - [AIT],Unknown,Unknown,8.7
Army Institute of Technology - [AIT],Unknown,Unknown,8.3
Arunai Engineering College - [AEC],Unknown,Unknown,8.0
Arya College of Engineering,Unknown,Unknown,7.3
Arya College of Engineering and IT - [ACEIT],Unknown,Unknown,8.5
Aryabhatta Knowledge University - [AKU],Unknown,Unknown,9.7
Aryan Institute of Engineering and Technology - [AIET],Unknown,Unknown,8.5
Asansol Engineering College - [AEC],Unknown,Unknown,7.7
Assam Engineering College - [AEC],Unknown,Unknown,7.3
Atal Bihari Vajpayee Indian Institute of Information Technology and Management - [ABVIIITM],Unknown,Unknown,7.5
Atria Institute of Technology,Unknown,Unknown,7.3
B. M. Institute of Engineering and Technology - [BMIET],Unknown,Unknown,9.3
BGS Institute of Technology - [BGSIT],Unknown,Unknown,7.3
BITS Pilani (Pilani Campus),Unknown,Unknown,8.9
BK Birla Institute of Engineering and Technology [BKBIET],Unknown,Unknown,7.7
BML Munjal University - [BMU],Unknown,Unknown,7.4
BMS College of Engineering - [BMSCE],Unknown,Unknown,8.9
BMS Institute of Technology and Management - [BMSIT],Unknown,Unknown,6.5
BP Mandal College of Engineering,Unknown,Unknown,6.7
BP Poddar Institute of Management and Technology,Unknown,Unknown,8.7
BS Anangpuria Institute of Technology and Management,Unknown,Unknown,8.3
BV Raju Institute of Technology - [BVRIT],Unknown,Unknown,8.4
BVRIT Hyderabad College of Engineering for Women - [BVRITH],Unknown,Unknown,9.2
Baba Banda Singh Bahadur Engineering College - [BBSBEC],Unknown,Unknown,9.4
Baba Farid College of Engineering and Technology - [BFCET],Unknown,Unknown,9.2
Babasaheb Naik College of Engineering - [BNCOE],Unknown,Unknown,7.3
Babu Banarasi Das Engineering College - [BBDEC],Unknown,Unknown,7.9
Babu Banarasi Das Institute of Technology & Management - [BBDITM],Unknown,Unknown,8.2
Babu Banarasi Das Institute of Technology - [BBDIT],Unknown,Unknown,6.7
Babu Banarasi Das Northern India Institute of Technology - [BBDNIIT],Unknown,Unknown,8.2
Balaji Institute of Technology and Science - [BITS],Unknown,Unknown,5.3
Ballari Institute of Technology and Management - [BITM],Unknown,Unknown,7.0
Banasthali Vidyapith,Unknown,Unknown,9.2
Bangalore Institute of Technology - [BIT],Unknown,Unknown,7.9
Bannari Amman Institute of Technology - [BIT],Unknown,Unknown,9.2
Barak Valley Engineering College - [BVEC],Unknown,Unknown,4.2
Barkatullah University - [BU],Unknown,Unknown,2.5
Barkatullah University Institute of Technology - [BUIT],Unknown,Unknown,6.0
Bengal College of Engineering and Technology - [BCET],Unknown,Unknown,7.5
Bengal Institute of Technology - [BIT],Unknown,Unknown,8.8
Bennett University,Unknown,Unknown,8.9
Bhagat Phool Singh Mahila Vishwavidyalaya - [BPSMV],Unknown,Unknown,7.7
Bhagwan Parshuram Institute of Technology - [BPIT],Unknown,Unknown,7.6
Bharat Institute of Engineering and Technology - [BIET] Ibrahimpatnam,Unknown,Unknown,8.3
"Bharath Institute of Higher Education and Research, College of Management",Unknown,Unknown,8.3
Bharath University - Bharath Institute of Higher Education and Research - [BIHER],Unknown,Unknown,7.8
"Bharathidasan Institute of Technology, Anna University - [AUBIT]",Unknown,Unknown,8.5
Bharati Vidyapeeth College of Engineering - [BVCOE] Navi Mumbai,Unknown,Unknown,6.7
Bharati Vidyapeeth Deemed University - [BVDU],Unknown,Unknown,9.1
Bharati Vidyapeeth University College of Engineering - [BVUCOE],Unknown,Unknown,5.7
Bharati Vidyapeeth's College  of Engineering - [BVCOE] Lavale,Unknown,Unknown,9.0
Bharati Vidyapeeth's College of Engineering - [BVCOE],Unknown,Unknown,8.2
Bhilai Institute of Technology - [BIT],Unknown,Unknown,6.1
Bipin Tripathi  Kumaon Institute of Technology,Unknown,Unknown,8.5
Birla Institute of Technology - [BIT Mesra],Unknown,Unknown,7.8
Birla Institute of Technology - [BIT],Unknown,Unknown,8.0
Birla Institute of Technology and Science - [BITS],Unknown,Unknown,9.0
Birla Vishvakarma Mahavidyalaya Engineering College - [BVM],Unknown,Unknown,7.7
Birsa Institute of Technology - [BIT] Sindri,Unknown,Unknown,7.4
Buddha Institute of Technology- [BIT],Unknown,Unknown,9.2
Budge Budge Institute of Technology - [BBIT],Unknown,Unknown,9.4
Bundelkhand Institute of Engineering & Technology - [BIET],Unknown,Unknown,7.4
"Bundelkhand University, Institute of Engineering and Technology",Unknown,Unknown,9.3
C Abdul Hakeem College of Engineering and Technology - [CAHCET],Unknown,Unknown,9.8
C. V. Raman Global University,Unknown,Unknown,8.1
CIPET- Institute Of Plastics Technology - [IPT],Unknown,Unknown,7.2
CMR College of Engineering & Technology - [CMRCET],Unknown,Unknown,7.8
CMR Engineering College - [CMREC],Unknown,Unknown,9.0
CMR Institute of Technology - [CMRIT],Unknown,Unknown,9.2
CMR Technical Campus - [CMRTC],Unknown,Unknown,8.8
CMR University - [CMRU],Unknown,Unknown,8.8
"CVR College of Engineering, Ibrahimpatnam",Unknown,Unknown,7.2
Calicut University Institute of Engineering Technology - [CUIET],Unknown,Unknown,6.9
Cambridge Institute of Technology - [CiTech],Unknown,Unknown,8.7
Camellia Institute of Technology - [CIT],Unknown,Unknown,6.0
Canara Engineering College - [CEC],Unknown,Unknown,7.3
Central Institute of Technology - [CIT],Unknown,Unknown,7.7
Central University of Haryana - [CUH],Unknown,Unknown,7.0
Centurion University of Technology and Management - [CUTM],Unknown,Unknown,7.5
"Chaibasa Engineering College, Techno India Group",Unknown,Unknown,5.3
Chaitanya Bharathi Institute of Technology - [CBIT],Unknown,Unknown,8.1
Chameli Devi Group of Institution,Unknown,Unknown,7.0
Chandigarh Group of Colleges - [CGC] Jhanjeri,Unknown,Unknown,7.0
Chandigarh Group of Colleges - [CGC] Landran,Unknown,Unknown,8.0
Chandigarh University - [CU],Unknown,Unknown,8.2
Chandubhai S Patel Institute of Technology - [CSPIT],Unknown,Unknown,8.8
Charotar University of Science and Technology - [CHARUSAT],Unknown,Unknown,9.8
Chartered Institute of Technology- [CIT],Unknown,Unknown,8.5
Chennai Institute of Technology - [CIT],Unknown,Unknown,9.0
Chitkara Institute of Engineering and Technology - [CIET],Unknown,Unknown,8.6
Chitkara University,Unknown,Unknown,7.5
Chitkara University - [CU],Unknown,Unknown,8.1
Christ College of Engineering - [CCEIJK] Irinjalakuda,Unknown,Unknown,7.5
Christ University,Unknown,Unknown,9.2
Co-operative Institute of Technology - [CITV],Unknown,Unknown,7.2
Cochin University of Science and Technology - [CUSAT],Unknown,Unknown,8.4
"Cochin University of Science and Technology, School of Engineering -[SOE] Thrikkakara",Unknown,Unknown,8.7
Coimbatore Institute of Technology - [CIT],Unknown,Unknown,4.7
College of Agricultural Biotechnology,Unknown,Unknown,8.8
College of Agricultural Engineering and Technology,Unknown,Unknown,7.4
College of Dairy and Food Science Technology - [CDFST],Unknown,Unknown,7.8
College of Engineering,Unknown,Unknown,8.0
College of Engineering  - [COEP],Unknown,Unknown,8.6
College of Engineering - [CEC] Chengannur,Unknown,Unknown,8.0
College of Engineering - [CEM] Munnar,Unknown,Unknown,8.2
College of Engineering - [COER],Unknown,Unknown,9.7
"College of Engineering And Management, Kolaghat",Unknown,Unknown,8.7
College of Engineering Muttathara,Unknown,Unknown,8.0
College of Engineering Perumon,Unknown,Unknown,8.3
College of Engineering and Management - [CEM] Punnapara,Unknown,Unknown,8.4
College of Engineering and Technology,Unknown,Unknown,6.2
College of Engineering and Technology - [CET],Unknown,Unknown,7.5
"College of Technology and Engineering, Maharana Pratap University of Agriculture and Technology - [CTAE]",Unknown,Unknown,7.5
"College of Technology,  GB Pant University of Agriculture & Technology",Unknown,Unknown,7.1
Coochbehar Government Engineering College,Unknown,Unknown,8.3
Cummins College Of Engineering For Women,Unknown,Unknown,9.3
D. Y. Patil College of Engineering,Unknown,Unknown,8.5
DIT University - [DIT],Unknown,Unknown,8.8
DKTE Society's Textile and Engineering Institute - [DKTE],Unknown,Unknown,8.8
DMI College of Engineering - [DMICE],Unknown,Unknown,2.2
DMI Engineering College,Unknown,Unknown,6.7
DN Patel College of Engineering - [DNPCE],Unknown,Unknown,6.5
DRIEMS Group of Institutions,Unknown,Unknown,5.3
DY Patil College of Engineering and Technology - [DYPCET],Unknown,Unknown,9.0
Darbhanga College of Engineering - [DCE],Unknown,Unknown,9.3
Datta Meghe College of Engineering Airoli,Unknown,Unknown,9.8
Dayalbagh Educational Institute - [DEI],Unknown,Unknown,7.8
Dayananda Sagar Academy of Technology and Management - [DSATM],Unknown,Unknown,8.7
Dayananda Sagar College of Engineering - [DSCE],Unknown,Unknown,8.7
Dayananda Sagar University - [DSU],Unknown,Unknown,9.0
Deenbandhu Chhotu Ram University of Science and Technology - [DCRUST],Unknown,Unknown,8.3
Delhi Institute of Tool Engineering - [DITE],Unknown,Unknown,7.2
Delhi Technical Campus - [DTC],Unknown,Unknown,7.6
Delhi Technological University - [DTU],Unknown,Unknown,8.4
Delhi University - [DU],Unknown,Unknown,9.7
Deogiri Institute of Engineering and Management Studies - [DIEMS],Unknown,Unknown,8.0
Devang Patel Institute of Advance Technology and Research - [DEPSTAR],Unknown,Unknown,8.3
Dhaanish Ahmed College of Engineering - [DACE],Unknown,Unknown,9.6
Dhanalakshmi College of Engineering - [DCE],Unknown,Unknown,7.5
Dhanalakshmi Srinivasan College of Engineering and Technology - [DSCET],Unknown,Unknown,8.8
Dhanekula Institute of Engineering and Technology - [DIET],Unknown,Unknown,8.5
Dharmsinh Desai University - [DDU],Unknown,Unknown,7.8
Dhirubhai Ambani Institute of Information and Communication Technology - [DA-IICT],Unknown,Unknown,8.7
Dhole Patil College of Engineering - [DPCOE],Unknown,Unknown,8.7
Dibrugarh University,Unknown,Unknown,8.0
Don Bosco Institute of Technology - [DBIT],Unknown,Unknown,9.5
Dr BR Ambedkar National Institute of Technology - [NIT],Unknown,Unknown,9.0
Dr. A.P.J. Abdul Kalam Technical University - [AKTU],Unknown,Unknown,7.8
Dr. Akhilesh Das Gupta Institute of Technology & Management - [ADGITM],Unknown,Unknown,8.1
Dr. Ambedkar Institute of Technology - [AIT],Unknown,Unknown,8.5
Dr. B.C. Roy Engineering College  - [BCREC],Unknown,Unknown,8.3
Dr. Babasaheb Ambedkar Technological University - [DBATU],Unknown,Unknown,7.7
Dr. C.V. Raman University - [CVRU],Unknown,Unknown,7.5
Dr. D. Y. Patil Institute of Technology - [DYPIT] Pimpri,Unknown,Unknown,8.6
Dr. M.G.R. Educational and Research Institute,Unknown,Unknown,8.3
Dr. N.G.P. Arts and Science College - [DrNGPASC],Unknown,Unknown,7.7
Dr. Ram Manohar Lohia Avadh University - [RMLAU],Unknown,Unknown,6.7
Dr. S & S.S. Ghandhy Government Engineering College,Unknown,Unknown,5.9
Dr. Sudhir Chandra Sur Institute of Technology & Sports Complex - [SURTECH],Unknown,Unknown,8.3
Dronacharya College of Engineering - [DCE],Unknown,Unknown,9.0
Drs. Kiran and Pallavi Patel Global University,Unknown,Unknown,8.7
East Point Group of Institutions - [EPGI],Unknown,Unknown,8.0
East West College of Engineering - [EWCE],Unknown,Unknown,8.2
East West Institute of Technology - [EWIT],Unknown,Unknown,7.4
Eranad Knowledge City Technical Campus Manjeri,Unknown,Unknown,6.2
Excel Engineering College,Unknown,Unknown,10.0
"Faculty of Engineering and Technology, Jain University - [FET JU]",Unknown,Unknown,7.8
"Faculty of Technology and Engineering, Maharaja Sayajirao University of Baroda",Unknown,Unknown,8.2
Fatima Michael College of Engineering and Technology,Unknown,Unknown,8.0
Federal Institute of Science and Technology - [FISAT],Unknown,Unknown,8.8
Finolex Academy of Management and Technology - [FAMT],Unknown,Unknown,8.5
Fr. Conceicao Rodrigues College of Engineering - [CRCE],Unknown,Unknown,8.0
Francis Xavier Engineering College,Unknown,Unknown,8.2
Future Institute of Engineering and Management - [FIEM],Unknown,Unknown,8.5
G D Goenka University - [GDGU],Unknown,Unknown,8.2
G H Patel College of Engineering & Technology - [GCET],Unknown,Unknown,6.6
G H Raisoni College of Engineering and Management - [GHRCEM],Unknown,Unknown,8.2
G H Raisoni Institute of Engineering & Technology - [GHRIET],Unknown,Unknown,8.3
G L Bajaj Institute of Technology and Management,Unknown,Unknown,8.2
G. Pullaiah College of Engineering and Technology - [GPCET],Unknown,Unknown,5.0
"GB Pant Delhi Skill and Entrepreneurship University, Okhla-I Campus",Unknown,Unknown,7.7
GH Raisoni College of Engineering - [GHRCE],Unknown,Unknown,8.6
GIDC Degree Engineering College,Unknown,Unknown,7.7
"GIET Engineering College, Rajahmundhry",Unknown,Unknown,7.2
GIET University - [GIET],Unknown,Unknown,8.3
GITAM,Unknown,Unknown,9.5
GL Bajaj Group of Institutions - [GLBGI],Unknown,Unknown,5.8
GLA University,Unknown,Unknown,8.2
GMR Institute of Technology - [GMRIT],Unknown,Unknown,7.7
GS Mandal's Marathwada Institute of Technology - [MIT],Unknown,Unknown,8.8
GSFC University,Unknown,Unknown,8.2
Galgotias College of Engineering and Technology - [GCET],Unknown,Unknown,8.6
Galgotias University - [GU],Unknown,Unknown,8.1
Gandhi Institute for Technology - [GIFT],Unknown,Unknown,8.0
Gandhi Institute of Technology and Management - [GITAM],Unknown,Unknown,8.2
Gandhiji Institute of Science and Technology - [GIST],Unknown,Unknown,7.8
Garden City University - [GCU],Unknown,Unknown,8.5
Gateway Institute of Engineering and Technology - [GIET],Unknown,Unknown,9.1
Gauhati University - [GU],Unknown,Unknown,8.7
Gautam Buddha University - [GBU],Unknown,Unknown,7.5
Gaya College of Engineering,Unknown,Unknown,6.9
"Gayatri Vidya Parishad College for Degree and PG Courses, School of Engineering",Unknown,Unknown,9.6
Gayatri Vidya Parishad College of Engineering,Unknown,Unknown,7.7
Geetanjali Institute of Technical Studies - [GITS],Unknown,Unknown,8.5
Geethanjali College of Engineering and Technology - [GCET] Keesara,Unknown,Unknown,10.0
Giani Zail Singh Campus College of Engineering and Technology - [GZSCCET],Unknown,Unknown,7.7
Global Academy of Technology - [GAT],Unknown,Unknown,8.6
Global Institute of Engineering and Technology - [GIT],Unknown,Unknown,7.5
Global Institute of Technology - [GIT],Unknown,Unknown,7.8
Global Institute of Technology and Management - [GITM],Unknown,Unknown,8.0
Godavari Institute of Engineering and Technology - [GIET] Rajahmundry,Unknown,Unknown,7.8
Gokaraju Rangaraju Institute of Engineering and Technology -  [GRIET],Unknown,Unknown,9.8
Government College,Unknown,Unknown,N/A
Government College of Engineering,Unknown,Unknown,5.8
Government College of Engineering  - [GCE],Unknown,Unknown,7.7
Government College of Engineering & Textile Technology - [GCETT],Unknown,Unknown,7.2
Government College of Engineering - [GCEK],Unknown,Unknown,7.8
Government College of Engineering - [GCE],Unknown,Unknown,8.5
Government College of Engineering - [GCOEA],Unknown,Unknown,8.2
Government College of Engineering - [GCOE],Unknown,Unknown,6.7
Government College of Engineering and Ceramic Technology - [GCECT],Unknown,Unknown,9.2
Government College of Engineering and Research,Unknown,Unknown,6.5
Government College of Technology - [GCT],Unknown,Unknown,8.0
Government Engineering College,Unknown,Unknown,6.9
Government Engineering College - [ECB],Unknown,Unknown,7.4
Government Engineering College - [GECI],Unknown,Unknown,10.0
Government Engineering College - [GECSKP] Sreekrishnapuram ,Unknown,Unknown,9.1
Government Engineering College - [GECT],Unknown,Unknown,8.0
Government Engineering College - [GEC],Unknown,Unknown,8.1
Government Engineering College -[GEC],Unknown,Unknown,4.3
Govind Ballabh Pant Engineering College - [GBPEC],Unknown,Unknown,6.5
Govind Ballabh Pant University of Agriculture and Technology,Unknown,Unknown,7.5
Govt Engineering College,Unknown,Unknown,8.7
Govt. Model Engineering College - [MEC] Thrikkakara,Unknown,Unknown,2.7
Graphic Era Hill University - [GEHU],Unknown,Unknown,7.7
Graphic Era University - [GEU],Unknown,Unknown,8.9
Greater Kolkata College of Engineering & Management - [GKCEM],Unknown,Unknown,9.4
Gudlavalleru Engineering College - [GEC],Unknown,Unknown,9.7
Gujarat Technological University - [GTU],Unknown,Unknown,1.7
Guru Ghasidas Vishwavidyalaya - [GGU],Unknown,Unknown,5.6
Guru Gobind Singh Indraprastha University - [GGSIPU],Unknown,Unknown,5.9
Guru Jambheshwar University of Science and Technology - [GJUS&T],Unknown,Unknown,7.3
Guru Nanak College of Engineering & Management - [GNCEM],Unknown,Unknown,10.0
Guru Nanak Dev University Regional Campus - [GNDU],Unknown,Unknown,8.0
Guru Nanak Institute of Technology - [GNIT],Unknown,Unknown,8.7
Guru Nanak Institutions Technical Campus - [GNITC],Unknown,Unknown,7.7
Guru Tegh Bahadur Institute of Technology - [GTBIT],Unknown,Unknown,7.7
Gurugram University,Unknown,Unknown,7.9
Gurukula Kangri Vishwavidyalaya - [GKV],Unknown,Unknown,5.8
Gyan Ganga College of Technology - [GGCT],Unknown,Unknown,7.4
HKBK Group of Institutions,Unknown,Unknown,8.4
HMR Institute of Technology & Management - [HMRITM],Unknown,Unknown,8.0
Haldia Institute of Technology - [HIT],Unknown,Unknown,7.7
Harcourt Butler Technological University - [HBTU],Unknown,Unknown,7.7
Hemwati Nandan Bahuguna Garhwal University,Unknown,Unknown,7.0
Heritage Institute of Technology - [HIT],Unknown,Unknown,8.5
Hindu College of Engineering - [HCE],Unknown,Unknown,5.8
Hindustan Institute of Technology and Science - [HITS],Unknown,Unknown,8.0
Hindusthan College of Engineering and Technology - [HICET],Unknown,Unknown,8.2
Hyderabad Institute of Technology and Management - [HITAM],Unknown,Unknown,9.7
I.K. Gujral Punjab Technical University - [IKG-PTU],Unknown,Unknown,7.8
ICFAI Foundation for Higher Education - [IFHE],Unknown,Unknown,8.2
IES College of Technology - [ICOT],Unknown,Unknown,2.0
IES University,Unknown,Unknown,8.7
IILM University,Unknown,Unknown,7.0
IIMT College of Engineering,Unknown,Unknown,7.7
IIMT Group of Colleges,Unknown,Unknown,7.6
IIMT University - [IIMTU],Unknown,Unknown,9.0
IIT BHU - Indian Institute of Technology,Unknown,Unknown,8.2
IIT Bhilai - Indian Institute of Technology - [IITB],Unknown,Unknown,8.0
IIT Bhubaneswar - Indian Institute of Technology - [IITBBS],Unknown,Unknown,7.2
IIT Bombay - Indian Institute of Technology - [IITB],Unknown,Unknown,8.7
IIT Delhi - Indian Institute of Technology [IITD],Unknown,Unknown,9.0
IIT Dharwad - Indian Institute of Technology - [IITD],Unknown,Unknown,8.0
IIT Goa - Indian Institute of Technology - [IITG],Unknown,Unknown,7.8
IIT Guwahati - Indian Institute of Technology - [IITG],Unknown,Unknown,8.5
IIT Hyderabad - Indian Institute of Technology - [IITH],Unknown,Unknown,9.3
IIT Indore - Indian Institute of Technology - [IITI],Unknown,Unknown,8.5
IIT Jodhpur - Indian Institute of Technology - [IITJ],Unknown,Unknown,9.1
IIT Kanpur - Indian Institute of Technology - [IITK],Unknown,Unknown,8.8
IIT Kharagpur - Indian Institute of Technology - [IITKGP],Unknown,Unknown,8.3
IIT Madras - Indian Institute of Technology - [IITM],Unknown,Unknown,8.1
IIT Mandi- Indian Institute of Technology - [IITM],Unknown,Unknown,8.0
IIT Roorkee - Indian Institute of Technology - [IITR],Unknown,Unknown,9.1
IIT Ropar - Indian Institute of Technology - [IITR],Unknown,Unknown,8.8
IPS Academy,Unknown,Unknown,8.1
ISM Dhanbad - Indian Institute of Technology - [IITISM],Unknown,Unknown,7.9
ITM Group of Institutions,Unknown,Unknown,8.3
ITM SLS Baroda University,Unknown,Unknown,9.6
ITM University,Unknown,Unknown,8.0
ITM Vocational University - [ITMVU],Unknown,Unknown,7.6
ITS Engineering College,Unknown,Unknown,8.7
Inderprastha Engineering College - [IPEC],Unknown,Unknown,7.0
Indian Institute of Engineering Science and Technology - [IIEST] Shibpur,Unknown,Unknown,7.7
Indian Institute of Information Technology - [IIIT-K],Unknown,Unknown,8.5
Indian Institute of Information Technology - [IIITD],Unknown,Unknown,8.0
Indian Institute of Information Technology - [IIITG],Unknown,Unknown,7.1
Indian Institute of Information Technology - [IIITK],Unknown,Unknown,7.3
Indian Institute of Information Technology - [IIITL],Unknown,Unknown,6.8
Indian Institute of Information Technology - [IIITM],Unknown,Unknown,6.9
Indian Institute of Information Technology - [IIIT],Unknown,Unknown,7.8
Indian Institute of Information Technology -[IIIT],Unknown,Unknown,8.8
Indian Institute of Information Technology Design & Manufacturing - [IIITDM],Unknown,Unknown,8.6
Indian Institute of Information Technology Design and Manufacturing - [IIITDM],Unknown,Unknown,6.6
Indian Institute of Information Technology Sri City - [IIIT],Unknown,Unknown,6.4
Indian Institute of Information Technology Vadodara - [IIIT-V],Unknown,Unknown,8.0
Indian Institute of Space Science and Technology - [IIST],Unknown,Unknown,8.8
Indian Maritime University - [IMU],Unknown,Unknown,8.6
Indira Gandhi Delhi Technical University For Women -[IGDTUW],Unknown,Unknown,8.2
Indira Institute of Engineering and Technology - [IIET],Unknown,Unknown,3.3
Indo Global College of Engineering,Unknown,Unknown,6.8
Indore Institute of Science and Technology - [IIST],Unknown,Unknown,9.0
Indraprastha Institute of Information Technology - [IIITD],Unknown,Unknown,7.7
Indraprastha Institute of Technology and Management - [IITM],Unknown,Unknown,8.6
Indus University,Unknown,Unknown,6.0
Institute of Aeronautical Engineering - [IARE],Unknown,Unknown,7.8
Institute of Chemical Technology - [ICT],Unknown,Unknown,9.7
Institute of Engineering & Technology - GLA University,Unknown,Unknown,6.7
Institute of Engineering and Management - [IEM],Unknown,Unknown,7.7
Institute of Engineering and Rural Technology - [IERT],Unknown,Unknown,6.0
Institute of Engineering and Technology - [IET],Unknown,Unknown,7.8
"Institute of Engineering and Technology, Devi Ahilya University - [IET -DAVV]",Unknown,Unknown,6.7
Institute of Infrastructure Technology Research and Management - [IITRAM],Unknown,Unknown,8.0
Institute of Management Studies - [IMS],Unknown,Unknown,9.0
"Institute of Management Studies, Banaras Hindu University",Unknown,Unknown,8.3
Institute of Road and Transport Technology - [IRTTECH],Unknown,Unknown,8.5
Institute of Technical Education and Research - [ITER],Unknown,Unknown,8.3
Institute of Technology & Management - [ITM],Unknown,Unknown,7.0
Integral University,Unknown,Unknown,9.3
International Institute of Information Technology - [IIIT],Unknown,Unknown,8.2
International Institute of Information Technology - [IIIT] Naya Raipur,Unknown,Unknown,9.3
International Maritime Institute - [IMI],Unknown,Unknown,9.5
Invertis University,Unknown,Unknown,4.3
"J.C. Bose University Of Science And Technology, YMCA",Unknown,Unknown,7.6
JB Institute of Technology - [JBIT],Unknown,Unknown,7.0
JD College of Engineering and Management,Unknown,Unknown,9.0
JECRC University - [JU],Unknown,Unknown,8.2
"JECRC University, School of Engineering",Unknown,Unknown,10.0
JEPPIAAR SRR Engineering college,Unknown,Unknown,4.2
JIMS Engineering Management Technical Campus- [JEMTEC],Unknown,Unknown,9.7
JIS College of Engineering - [JISCE],Unknown,Unknown,8.0
JIS University,Unknown,Unknown,7.8
JK Lakshmipat University - [JKLU],Unknown,Unknown,8.7
JNTUH College of Engineering Jagtial - [JNTUHCEJ],Unknown,Unknown,8.2
JSPM Narhe Technical Campus - [JSPM NTC] Narhe,Unknown,Unknown,9.3
JSS Academy of Technical Education - [JSSATE],Unknown,Unknown,8.0
JSS Science and Technology University -[JSSSTU],Unknown,Unknown,8.3
Jabalpur Engineering College - [JEC],Unknown,Unknown,7.0
Jadavpur University - [JU],Unknown,Unknown,8.6
Jagannath Institute of Engineering and Technology - [JIET],Unknown,Unknown,4.0
Jai Narain College of Technology - [JNCT],Unknown,Unknown,7.3
Jain College of Engineering - [JCE],Unknown,Unknown,6.3
Jain University - [JU],Unknown,Unknown,8.9
Jaipur Engineering College and Research Centre,Unknown,Unknown,8.1
Jaipur National University - [JNU],Unknown,Unknown,10.0
Jalpaiguri Government Engineering College - [JGEC],Unknown,Unknown,7.6
Jamia Millia Islamia University-[JMI],Unknown,Unknown,9.2
Jawaharlal Nehru Architecture and Fine Arts University - [JNAFAU],Unknown,Unknown,5.6
Jawaharlal Nehru Engineering College - [JNEC],Unknown,Unknown,10.0
Jawaharlal Nehru Technological University - [JNTUH],Unknown,Unknown,10.0
Jawaharlal Nehru Technological University - [JNTU],Unknown,Unknown,7.6
Jaypee Institute of Information Technology University - [JIIT],Unknown,Unknown,7.3
Jaypee University of Engineering and Technology - [JUET],Unknown,Unknown,8.7
Jaypee University of Information Technology - [JUIT],Unknown,Unknown,8.3
John Bosco Engineering College - [JBEC],Unknown,Unknown,10.0
Jyothishmathi Institute of Technology and Science - [JITS],Unknown,Unknown,9.3
K L University - [KLU],Unknown,Unknown,8.5
K. C. College of Engineering And Management Studies And Research,Unknown,Unknown,8.3
K. J. Somaiya College of Engineering - [KJSCE],Unknown,Unknown,9.0
KCC Institute of Technology and Management - [KCCITM],Unknown,Unknown,9.7
KCG College Of technology,Unknown,Unknown,8.4
KDK College of Engineering,Unknown,Unknown,8.2
KIET Group of Institutions - [KIET],Unknown,Unknown,8.4
KIIT School of Biotechnology - [KSBT],Unknown,Unknown,8.8
KJ Institute of Engineering and Technology - [KJIT],Unknown,Unknown,8.5
KJ Somaiya Institute of Engineering and Information Technology - [KJSIEIT],Unknown,Unknown,5.8
KLE Technological University,Unknown,Unknown,8.0
KLS Gogte Institute of Technology - [KLS GIT],Unknown,Unknown,8.4
KMEA Engineering College - [KMEA EC],Unknown,Unknown,8.4
KNS Institute of Technology - [KNSIT],Unknown,Unknown,8.9
KPR Institute of Engineering & Technology - [KPRIET],Unknown,Unknown,9.7
KS Rangasamy College of Technology,Unknown,Unknown,10.0
KSR College of Engineering,Unknown,Unknown,9.0
KVG College of Engineering - [KVGCE],Unknown,Unknown,7.2
Kakatiya Institute of Technology & Science - [KITSW],Unknown,Unknown,8.5
Kalinga Institute of Dental Sciences - [KIDS],Unknown,Unknown,7.7
Kalinga Institute of Industrial Technology - [KIIT],Unknown,Unknown,8.6
Kalinga University,Unknown,Unknown,8.3
Kalyani Government Engineering College - [KGEC],Unknown,Unknown,6.9
Kamla Nehru Institute of Technology - [KNIT],Unknown,Unknown,8.7
Kanad Institute of Engineering and Management - [KIEM],Unknown,Unknown,9.3
Kanpur Institute of Technology - [KIT],Unknown,Unknown,7.8
Karaikudi Institute of Technology and Management - [KIT & KIM],Unknown,Unknown,6.8
Karpagam Academy of Higher Education - [KAHE],Unknown,Unknown,8.0
Karpagam College of Engineering - [KCE],Unknown,Unknown,8.8
Karpagam Institute of Technology,Unknown,Unknown,5.7
Karunya Institute of Technology and Sciences - [Karunya Deemed University],Unknown,Unknown,8.8
Kelappaji College of Agricultural Engineering & Technology - [KCAET] Tavanur,Unknown,Unknown,7.8
Kerala University of Fisheries and Ocean Studies - [KUFOS] Panangad,Unknown,Unknown,8.3
Keshav Memorial Institute of Technology - [KMIT],Unknown,Unknown,9.0
Khaja Bandanawaz University - [KBNU],Unknown,Unknown,7.0
Khwaja Moinuddin Chishti Urdu Arabi-Farsi University,Unknown,Unknown,7.0
Kongu Engineering College - [KEC],Unknown,Unknown,10.0
Kothiwal Institute of Technology and Professional Studies - [KITPS],Unknown,Unknown,8.5
Krishna Chaitanya Institute of Technology and Sciences - [KITS],Unknown,Unknown,7.8
Krishna Engineering College - [KEC],Unknown,Unknown,7.8
Krishna University - [KU],Unknown,Unknown,8.8
Kruti Institute of Technology and Engineering - [KITE],Unknown,Unknown,8.7
Kumaraguru College of Technology - [KCT],Unknown,Unknown,9.3
Kunjali Marakkar School of Marine Engineering - [KMSME],Unknown,Unknown,7.8
Kuppam Engineering College - [KEC],Unknown,Unknown,7.8
L.B.S. College of Engineering - [LBSCEK],Unknown,Unknown,8.2
L.D. College of Engineering - [LDCE],Unknown,Unknown,8.2
LDRP Institute of Technology and Research - [LDRPITR],Unknown,Unknown,7.8
Lakshmi Narain College of Technology & Science - [LNCTS],Unknown,Unknown,6.9
Lakshmi Narain College of Technology - [LNCT],Unknown,Unknown,8.1
Lakshmi Narain College of Technology Excellence - [LNCTE],Unknown,Unknown,8.8
Late GN Sapkal College of Engineering,Unknown,Unknown,8.8
Laxmi Devi Institute of Engineering and Technology - [LIET],Unknown,Unknown,9.5
Laxminarayan Institute of Technology - [LIT],Unknown,Unknown,7.3
Lendi Institute of Engineering and Technology,Unknown,Unknown,8.7
Lokmanya Tilak College of Engineering - [LTCE],Unknown,Unknown,7.3
Lovely Professional University - [LPU],Unknown,Unknown,8.4
M H Saboo Siddik College of Engineering - [MHSSCOE],Unknown,Unknown,6.7
M.S. Ramaiah University of Applied Sciences - [MSRUAS],Unknown,Unknown,8.2
MBM Engineering College - [MBM],Unknown,Unknown,6.4
MEA Engineering College- [MEAEC],Unknown,Unknown,8.6
MES College of Engineering - [MESCE] Kuttippuram,Unknown,Unknown,9.2
MIC College of Technology,Unknown,Unknown,7.8
MIT Academy of Engineering - [MITAOE],Unknown,Unknown,7.8
MIT World Peace University - [MIT-WPU],Unknown,Unknown,8.5
MIT-WPU Faculty of Engineering,Unknown,Unknown,7.1
MKSSS's Cummins College of Engineering for Women,Unknown,Unknown,8.4
MLR Institute of Technology - [MLRIT],Unknown,Unknown,8.8
MNNIT Allahabad - Motilal Nehru National Institute of Technology - [MNNIT],Unknown,Unknown,7.7
MVJ College of Engineering - [MVJCE],Unknown,Unknown,8.0
MVPS's  Karmaveer Adv. Baburao Ganpatrao Thakare College of Engineering,Unknown,Unknown,9.7
Madan Mohan Malaviya University of Technology - [MMMUT],Unknown,Unknown,8.2
Madanapalle Institute of Technology & Science -[MITS],Unknown,Unknown,8.5
Madha Engineering College,Unknown,Unknown,9.5
Madhav Institute of Technology and Science - [MITS],Unknown,Unknown,8.2
Madras Institute of Technology- [MIT],Unknown,Unknown,9.1
Mahakal Institute of Technology - [MIT],Unknown,Unknown,7.4
Maharaja Agrasen Institute of Technology - [MAIT],Unknown,Unknown,7.5
Maharaja Institute of Technology Thandavapura - [MITT],Unknown,Unknown,9.3
Maharaja Sayajirao University of Baroda - [MSU],Unknown,Unknown,8.9
Maharaja Surajmal Institute of Technology - [MSIT],Unknown,Unknown,7.4
Maharana Pratap Engineering College - [MPEC],Unknown,Unknown,8.0
Maharshi Dayanand University - [MDU],Unknown,Unknown,9.5
Mahatma Gandhi Chitrakoot Gramoday Vishwavidyalaya- [MGCGV],Unknown,Unknown,3.2
Mahatma Gandhi Institute of Technology - [MGIT],Unknown,Unknown,7.7
Mahatma Jyotiba Phule Rohilkhand University - [MJPRU],Unknown,Unknown,6.5
Mahaveer Institute of Science and Technology- [MIST],Unknown,Unknown,7.0
Mahendra Engineering College,Unknown,Unknown,7.2
Mahendra Institute of Technology - [MIT],Unknown,Unknown,7.8
Malaviya National Institute of Technology - [MNIT],Unknown,Unknown,7.4
Malla Reddy College of Engineering - [MRCE],Unknown,Unknown,9.0
Malla Reddy College of Engineering and Technology- [MRCET],Unknown,Unknown,7.0
Malla Reddy Engineering College - [MREC],Unknown,Unknown,8.8
Malla Reddy Engineering College for Women - [MRECW],Unknown,Unknown,10.0
Malla Reddy Institute of Engineering and Technology- [MRIET],Unknown,Unknown,7.5
Malla Reddy Institute of Technology - [MRIT],Unknown,Unknown,8.0
Malla Reddy Institute of Technology and Science - [MRITS],Unknown,Unknown,8.0
Malnad College of Engineering - [MCE],Unknown,Unknown,6.8
Manakula Vinayagar Institute of Technology - [MVIT],Unknown,Unknown,9.0
Manav Rachna International Institute of Research and Studies - [MRIIRS],Unknown,Unknown,7.7
Mangalore Institute of Technology and Engineering - [MITE],Unknown,Unknown,9.2
Manipal Academy of Higher Education - [MAHE],Unknown,Unknown,8.7
Manipal Institute of Technology - [MIT],Unknown,Unknown,8.3
Manipal University - [MUJ],Unknown,Unknown,8.3
Mar Athanasius College of Engineering - [MACE],Unknown,Unknown,9.5
Mar Baselios College of Engineering and Technology - [MBCET] Nalanchira,Unknown,Unknown,7.5
Mar Baselios Institute of Technology and Science - [MBITS],Unknown,Unknown,7.8
Marathwada Institute of Technology - [MIT],Unknown,Unknown,5.8
Marathwada Mitra Mandal's College of Engineering - [MMCOE] Karvenagar,Unknown,Unknown,7.7
Marathwada Mitramandal's College of Commerce - [MMCC],Unknown,Unknown,8.0
Marine Engineering And Research Institute - [MERI],Unknown,Unknown,9.5
Marri Laxman Reddy Institute of Technology & Management - [MLRITM],Unknown,Unknown,7.3
Marwadi University - [MU],Unknown,Unknown,9.5
Matoshri College of Engineering and Research Centre - [MCOERC] Eklahare,Unknown,Unknown,7.8
Matrusri Engineering College,Unknown,Unknown,8.7
Matsyodari Shikshan Sanstha's College of Engineering and Technology,Unknown,Unknown,6.8
Maturi Venkata Subba Rao Engineering College - [MVSREC],Unknown,Unknown,8.0
Maulana Azad National Institute of Technology  - [MANIT],Unknown,Unknown,8.4
Medi-Caps University,Unknown,Unknown,7.7
Meerut Institute of Engineering and Technology - [MIET],Unknown,Unknown,9.2
Meerut Institute of Technology - [MIT],Unknown,Unknown,8.7
Meghnad Saha Institute of Technology - [MSIT],Unknown,Unknown,7.6
Methodist College of Engineering & Technology - [MCET],Unknown,Unknown,6.7
Modern Education Society's College of Engineering - [MESCOE],Unknown,Unknown,7.5
Mody University,Unknown,Unknown,8.0
Mohamed Sathak AJ College of Engineering - [MSAJCE],Unknown,Unknown,7.0
Mohan Babu University - [MBU],Unknown,Unknown,8.2
Moradabad Institute of Technology - [MIT],Unknown,Unknown,7.3
Mother Teresa Institute of Science and Technology,Unknown,Unknown,8.0
Motihari College of Engineering - [MCE],Unknown,Unknown,7.5
Muffakham Jah College of Engineering & Technology - [MJCET],Unknown,Unknown,8.5
Mukesh Patel School of Technology Management and Engineering - [MPSTME],Unknown,Unknown,9.5
Mumbai University - [MU],Unknown,Unknown,10.0
Musaliar College of Engineering and Technology,Unknown,Unknown,8.2
Muthayammal Engineering College - [MEC],Unknown,Unknown,9.3
Muthoot Institute of Technology & Science - [MITS],Unknown,Unknown,8.4
Muzaffarpur Institute of Technology - [MIT],Unknown,Unknown,7.6
N.B. Navale Sinhgad College of Engineering,Unknown,Unknown,8.7
NBKR Institute of Science and Technology Vidyanagar - [NBKRIST],Unknown,Unknown,7.8
NIE Institute of Technology - [NIEIT],Unknown,Unknown,8.0
NIT Silchar,Unknown,Unknown,7.8
NIT Trichy,Unknown,Unknown,9.0
NIT Warangal,Unknown,Unknown,8.1
NMAM Institute of Technology - [NMAMIT],Unknown,Unknown,7.6
NPR College of Engineering and Technology,Unknown,Unknown,8.5
NRI Institute of Information Science and Technology - [NIIST],Unknown,Unknown,5.7
NRI Institute of Technology - [NRIIT],Unknown,Unknown,8.1
NS Raju Institute of Technology - [NSRIT],Unknown,Unknown,8.0
Nalla Malla Reddy Engineering College - [NMREC],Unknown,Unknown,9.5
Nandha Engineering College - [NEC],Unknown,Unknown,5.0
Narsee Monjee Institute of Management Studies -[NMIMS Deemed to be University],Unknown,Unknown,9.1
Narsimha Reddy Engineering College - [NRCM],Unknown,Unknown,8.8
Narula Institute of Technology - [NIT Agarpara],Unknown,Unknown,7.6
National Dairy Research Institute - [NDRI],Unknown,Unknown,9.5
National Fire Service College - [NFSC],Unknown,Unknown,9.0
National Institute of Food Technology Entrepreneurship and Management - [NIFTEM],Unknown,Unknown,8.4
National Institute of Science and Technology - [NIST],Unknown,Unknown,8.3
National Institute of Technology - [NITC],Unknown,Unknown,8.5
National Institute of Technology - [NITK],Unknown,Unknown,8.8
National Institute of Technology - [NITP],Unknown,Unknown,7.9
National Institute of Technology - [NIT],Unknown,Unknown,8.4
National Institute of Technology - [NIT] Meghalaya,Unknown,Unknown,7.5
Navrachana University - [NUV],Unknown,Unknown,10.0
Neil Gogte Institute of Technology - [NGIT],Unknown,Unknown,7.8
Neotia Institute of Technology Management and Science - [NITMAS],Unknown,Unknown,6.9
Netaji Subhas Institute of Technology - [NSIT],Unknown,Unknown,8.2
Netaji Subhas University of Technology - [NSUT],Unknown,Unknown,7.8
Netaji Subhas University of Technology - [NSUT] East Campus,Unknown,Unknown,3.2
Netaji Subhash Engineering College - [NSEC],Unknown,Unknown,8.3
New Horizon College of Engineering - [NHCE],Unknown,Unknown,8.3
Nirma University - [NU],Unknown,Unknown,9.4
Nitte Meenakshi Institute of Technology - [NMIT],Unknown,Unknown,8.5
Noida Institute of Engineering and Technology - [NIET],Unknown,Unknown,8.2
North Eastern Regional Institute of Science and Technology - [NERIST],Unknown,Unknown,7.0
Nowgong Engineering College,Unknown,Unknown,9.5
Oriental College of Technology - [OCT],Unknown,Unknown,6.3
Oriental Institute of Science and Technology - [OIST],Unknown,Unknown,7.0
P. V. Narsimha Rao Telangana Veterinary University Rajendra Nagar,Unknown,Unknown,9.5
P.B. College of Engineering - [PBCE],Unknown,Unknown,5.5
P.S.G College of Technology - [PSGCT],Unknown,Unknown,9.8
PA College of Engineering - [PACE],Unknown,Unknown,8.4
PACE Institute of Technology and Sciences,Unknown,Unknown,9.3
PBR Visvodaya Institute of Technology and Science [PBR VITS],Unknown,Unknown,8.8
PDA College of Engineering,Unknown,Unknown,8.3
"PDM University, Bahadurgarh",Unknown,Unknown,9.3
PES College of Engineering - [PESCE],Unknown,Unknown,7.6
PES Institute of Technology and Management - [PESITM],Unknown,Unknown,8.3
PES University - [PESU],Unknown,Unknown,7.9
PES University Electronic City Campus,Unknown,Unknown,7.3
PSN Institute of Technology and Science - [PSNITS],Unknown,Unknown,8.2
PSNA College of Engineering and Technology,Unknown,Unknown,9.0
PVKK Institute of Technology - [PVKKIT],Unknown,Unknown,8.7
Pacific School of  Engineering - [PSE],Unknown,Unknown,6.5
Padmabhooshan Vasantdada Patil Institute of Technology - [PVPIT],Unknown,Unknown,6.7
Pandit Deendayal Energy University - [PDEU],Unknown,Unknown,9.5
"Pandit Deendayal Petroleum University, School of Technology - [PDPU SOT]",Unknown,Unknown,8.5
Panimalar Engineering College,Unknown,Unknown,9.6
Parala Maharaja Engineering College - [PMEC],Unknown,Unknown,7.3
Parisutham Institute of Technology and  Science - [PITS],Unknown,Unknown,7.7
Parul Institute of Engineering and Technology - [PIET],Unknown,Unknown,7.1
Parul Institute of Technology - [PIT],Unknown,Unknown,7.5
Parul University,Unknown,Unknown,8.7
Parvatibai Genba Moze College of Engineering - [PGMCOE],Unknown,Unknown,6.6
Pillai College of Engineering - [PCE] Navi Mumbai,Unknown,Unknown,9.0
Pimpri Chinchwad College of Engineering - [PCCOE],Unknown,Unknown,8.1
Poornima College of Engineering,Unknown,Unknown,9.0
Poornima Institute of Engineering  and Technology - [PIET],Unknown,Unknown,8.6
Poornima University - [PU],Unknown,Unknown,7.7
Pragati Engineering College,Unknown,Unknown,7.9
Pranveer Singh Institute of Technology - [PSIT],Unknown,Unknown,8.6
Prathyusha Engineering College - [PEC],Unknown,Unknown,8.0
Presidency University,Unknown,Unknown,8.3
Prestige Institute of Engineering Management and Research - [PIEMR],Unknown,Unknown,8.0
Prince Shri Venkateshwara Padmavathy Engineering College - [PSVPEC],Unknown,Unknown,9.5
Priyadarshini College of Engineering - [PCE],Unknown,Unknown,8.2
Progressive Education Society's Modern College of Engineering - [MCOE],Unknown,Unknown,7.2
Pune Institute of Computer Technology- [PICT],Unknown,Unknown,8.2
Pune Vidhyarthi Griha's College of Engineering and Technology - [PVGCOET],Unknown,Unknown,8.5
Pune Vidyarthi Griha's College of Engineering & S.S. Dhamankar Institute of Management,Unknown,Unknown,9.0
Punjab Engineering College University of Technology - [PEC],Unknown,Unknown,7.8
QIS Institute of Technology - [QISIT],Unknown,Unknown,8.0
Quantum University,Unknown,Unknown,7.0
R V College of Engineering - [RVCE],Unknown,Unknown,8.2
R.N.G. Patel Institute of Technology - [RNGPIT],Unknown,Unknown,9.0
RC Patel Institute of Technology - [RCPIT],Unknown,Unknown,6.8
RCC Institute of Information Technology - [RCCIIT],Unknown,Unknown,8.7
REVA University,Unknown,Unknown,9.3
"RH Sapat College of Engineering, Management Studies and Research",Unknown,Unknown,7.5
RISE Krishna Sai Gandhi Group of Institutions,Unknown,Unknown,8.5
RKDF University,Unknown,Unknown,6.2
RMD Engineering College,Unknown,Unknown,6.8
RMD Sinhgad School of Management Studies - [RMDSSOMS] Warje,Unknown,Unknown,5.7
RNS Institute of Technology - [RNSIT],Unknown,Unknown,8.3
RV College of Architecture - [RVCA],Unknown,Unknown,8.7
RVR and JC College of Engineering,Unknown,Unknown,7.5
RVS College of Engineering and Technology - [RVSCET],Unknown,Unknown,8.1
Rabindranath Tagore University - [RNTU],Unknown,Unknown,8.0
Raghu Engineering College - [REC],Unknown,Unknown,7.8
Rai University - [RU],Unknown,Unknown,6.7
Raj Kumar Goel Institute of Technology - [RKGIT],Unknown,Unknown,7.7
Raja Balwant Singh Engineering Technical Campus - [FETRBS],Unknown,Unknown,8.9
"Raja College of Engineering and Technology, Veerapanjan",Unknown,Unknown,8.3
Rajadhani Institute of Engineering and Technology - [RIET] Attinga,Unknown,Unknown,5.8
Rajagiri School of Engineering & Technology - [RSET],Unknown,Unknown,8.6
Rajalakshmi Engineering College - [REC],Unknown,Unknown,8.6
Rajalakshmi Institute of Technology - [RIT],Unknown,Unknown,6.7
Rajarambapu Institute of Technology - [RIT],Unknown,Unknown,7.5
Rajarshi Shahu College of Engineering - [RSCOE] Tathawade,Unknown,Unknown,8.2
Rajasthan Technical University - [RTU],Unknown,Unknown,7.0
Rajeev Gandhi Memorial College of Engineering and Technology Nandyal - [RGMCET],Unknown,Unknown,8.2
Rajiv Gandhi College of Engineering - [RGCE],Unknown,Unknown,9.5
"Rajiv Gandhi College of Engineering, Research and Technology - [RCERT]",Unknown,Unknown,6.7
Rajiv Gandhi Institute of Petroleum Technology - [RGIPT],Unknown,Unknown,9.3
Rajiv Gandhi Institute of Technology - [RGIT],Unknown,Unknown,8.0
Rajiv Gandhi Institute of Technology - [RIT],Unknown,Unknown,7.8
Rajiv Gandhi Proudyogiki Vishwavidyalaya - [RGPV],Unknown,Unknown,6.2
Rajiv Gandhi University of Knowledge Technologies -[RGUKT],Unknown,Unknown,8.8
Rajiv Gandhi University of Knowledge Technologies Basar- [RGUKT],Unknown,Unknown,9.3
"Rajiv Gandhi University of Knowledge Technologies, Dr.APJ Abdul Kalam IIIT Ongole Campus - [RGUKT]",Unknown,Unknown,7.7
Rajkiya Engineering College - [RECK],Unknown,Unknown,7.7
Rajkiya Engineering College - [REC],Unknown,Unknown,9.0
Rajkiya Engineering College [REC],Unknown,Unknown,8.3
Ramaiah Institute of Technology - [RIT],Unknown,Unknown,9.2
Ramgarh Engineering College - [REC],Unknown,Unknown,7.5
Ramkrishna Mahato Government Engineering College,Unknown,Unknown,9.7
Ramrao Adik Institute of Technology - [RAIT],Unknown,Unknown,8.6
Rashtriya Raksha University - [RRU],Unknown,Unknown,9.0
Rathinam Technical Campus - [RTC],Unknown,Unknown,6.8
Regent Education and Research Foundation - [RERF],Unknown,Unknown,9.2
Rewa Engineering College - [REC],Unknown,Unknown,4.7
Roever Engineering College-[REC],Unknown,Unknown,7.3
Roorkee College of Engineering - [RCE],Unknown,Unknown,8.5
Roorkee Institute of Technology - [RIT],Unknown,Unknown,9.8
Rungta College of Engineering and Technology - [RCET],Unknown,Unknown,8.0
Rustamji Institute of Technology - [RJIT],Unknown,Unknown,8.7
SASTRA University,Unknown,Unknown,8.0
SDM College of Engineering and Technology - [SDMCET],Unknown,Unknown,8.6
SG Balekundri Institute of Technology - [SGBIT],Unknown,Unknown,9.0
SJB Institute of Technology - [SJBIT],Unknown,Unknown,8.7
SNJB's College of Engineering Chandwad,Unknown,Unknown,9.7
SNS College of Technology - [SNSCT],Unknown,Unknown,8.1
SR Group of Institutions - [SRGI],Unknown,Unknown,7.7
SR Institute Of Management and Technology - [SRIMT],Unknown,Unknown,9.0
SR International Institute of Technology - [SRIIT],Unknown,Unknown,7.0
SR University - [SRU],Unknown,Unknown,7.8
SRM Institute of Science and Technology - [SRMIST],Unknown,Unknown,8.5
SRM Institute of Science and Technology Ramapuram Campus,Unknown,Unknown,7.2
SRM University,Unknown,Unknown,6.2
SRM Valliammai Engineering college -[VEC],Unknown,Unknown,7.3
SRMIST Delhi NCR Campus,Unknown,Unknown,7.6
SSBT's College of Engineering and Technology,Unknown,Unknown,8.6
SSN College of Engineering - [SSNCE],Unknown,Unknown,9.5
SVKM's Institute of Technology - [SVKM's-IOT],Unknown,Unknown,7.8
SVS Group of Institutions,Unknown,Unknown,5.1
Sagar Institute of Research and Technology - [SIRT],Unknown,Unknown,9.0
"Sagar Institute of Science and Technology - [SISTec] -_x000D_
 Sagar Group of Institutions",Unknown,Unknown,9.5
Sagi Ramakrishnam Raju Engineering College - [SRKR ],Unknown,Unknown,8.4
Saharsa College of Engineering - [SCE],Unknown,Unknown,8.3
Sahyadri College of Engineering & Management (SCEM),Unknown,Unknown,8.5
Sai Vidya Institute of Technology - [SVIT],Unknown,Unknown,7.5
Saintgits College of Engineering,Unknown,Unknown,8.7
Sal Engineering and Technical Institute - [SETI],Unknown,Unknown,5.8
Sam Higginbottom University of Agriculture Technology and Sciences - [SHUATS],Unknown,Unknown,8.3
Sambhram Institute of Technology - [SAIT],Unknown,Unknown,7.3
Samrat Ashok Technological  Institute - [S.A.T.I],Unknown,Unknown,5.5
Sanjivani College of Engineering Kopargaon,Unknown,Unknown,8.5
Sanketika Vidya Parishad Engineering College,Unknown,Unknown,5.3
Sanskar Educational Group - [SEG],Unknown,Unknown,8.6
Sant Longowal Institute of Engineering and Technology - [SLIET],Unknown,Unknown,8.7
Saranathan College of Engineering - [SCE],Unknown,Unknown,8.7
Sardar Patel Institute of Technology - [SPIT],Unknown,Unknown,8.0
Sardar Vallabhbhai National Institute of Technology - [SVNIT],Unknown,Unknown,8.0
Sardar Vallabhbhai Patel Institute of Technology - [SVIT] Vasad,Unknown,Unknown,8.2
Sarvajanik College of Engineering and Technology - [SCET],Unknown,Unknown,7.5
Sat Kabir Institute of Technology and Management - [SKITM],Unknown,Unknown,3.7
Sathyabama Institute of Science and Technology,Unknown,Unknown,8.2
Saveetha Engineering College - [SEC],Unknown,Unknown,8.7
Saveetha Institute of Medical And Technical Sciences - [SIMATS],Unknown,Unknown,7.7
Saveetha School of Engineering - [SSE],Unknown,Unknown,9.7
Scholar's Institute of Technology and Management - [SITM],Unknown,Unknown,6.3
Shadan College of Engineering & Technology - [SCET],Unknown,Unknown,6.2
Shah and Anchor Kutchhi Engineering College - [SAKEC],Unknown,Unknown,8.2
Shanti Institute of Technology - [SIT],Unknown,Unknown,8.8
Shantilal Shah Engineering College - [SSEC],Unknown,Unknown,7.3
Sharad Institute of Technology College of Engineering,Unknown,Unknown,10.0
Sharda University - [SU],Unknown,Unknown,7.7
Shekhawati Group of Institutions,Unknown,Unknown,6.3
Shershah College of Engineering - [SCE],Unknown,Unknown,9.3
Shiv Nadar University - [SNU],Unknown,Unknown,8.9
Shivajirao S. Jondhle College of Engineering and Technology,Unknown,Unknown,7.7
Shoolini University,Unknown,Unknown,8.0
Shree LR Tiwari College of Engineering - [SLRTCE],Unknown,Unknown,6.8
Shree Ramchandra College of Engineering - [SRCOE],Unknown,Unknown,4.3
Shree Swaminarayan Institute of Technology- [SSIT],Unknown,Unknown,6.0
Shreeyash College of Engineering and Technology - [SYCET],Unknown,Unknown,7.5
Shri Govindram Seksaria Institute of Technology and Science- [SGSITS],Unknown,Unknown,7.2
Shri Guru Gobind Singhji Institute of Engineering and Technology - [SGGSIE&T],Unknown,Unknown,6.0
Shri Ram Group of Colleges - [SRGC],Unknown,Unknown,6.3
Shri Ram Institute of Technology - [SRIT],Unknown,Unknown,8.2
Shri Ramdeobaba College of Engineering and Management - [RCOEM],Unknown,Unknown,8.3
Shri Ramswaroop Memorial College of Engineering and Management -  [SRMCM],Unknown,Unknown,8.6
Shri Rawatpura Sarkar Institute of Technology,Unknown,Unknown,8.7
Shri Sapthagiri Institute of Technology - [SSIT],Unknown,Unknown,9.7
Shri Vaishnav Vidyapeeth Vishwavidyalaya - [SVVV],Unknown,Unknown,7.9
Shri Vishnu Engineering College for Women - [SVECW],Unknown,Unknown,9.5
Siddaganga Institute of Technology - [SIT],Unknown,Unknown,8.9
Siddharth Institute of Engineering & Technology - [SIETK],Unknown,Unknown,8.4
Siddhartha Institute of Engineering and Technology - [SIET],Unknown,Unknown,8.9
Siddhartha Institute of Science & Technology - [SISTK],Unknown,Unknown,9.0
Siddhartha Institute of Technology and Sciences - [SITS],Unknown,Unknown,7.2
Sikkim Manipal Institute of Technology - [SMIT],Unknown,Unknown,8.7
Siksha 'O' Anusandhan University - [SOA],Unknown,Unknown,8.5
Silicon Institute of Technology - [SIT],Unknown,Unknown,7.6
Siliguri Institute of Technology - [SIT],Unknown,Unknown,7.5
Sinhgad College of Engineering - [SCOE] Vadgaon Ambegaon,Unknown,Unknown,7.6
Sinhgad Institute of Technology - [SIT] Lonavala,Unknown,Unknown,8.6
Sinhgad Institute of Technology and Science -[SITS] Narhe,Unknown,Unknown,8.2
Sir M Visvesvaraya Institute of Technology - [Sir MVIT],Unknown,Unknown,8.8
Smt Kashibai Navale College of Engineering - [SKNCOE] Vadgaon,Unknown,Unknown,8.5
Smt. Indira Gandhi College of Engineering - [SIGCE],Unknown,Unknown,8.2
Sona College of Technology,Unknown,Unknown,8.8
Sphoorthy Engineering College - [SPHN],Unknown,Unknown,10.0
Sree Chaitanya College of Engineering - [SCCE],Unknown,Unknown,6.7
Sree Chaitanya Institute of  Technological Sciences,Unknown,Unknown,8.7
Sree Dattha Institute of Engineering and Science - [SDES],Unknown,Unknown,3.7
Sree Vidyanikethan Engineering College - [SVEC],Unknown,Unknown,8.7
Sreenidhi Institute of Science and Technology - [SNIST],Unknown,Unknown,8.5
Sreenivasa Institute of Technology & Management Studies - [SITAMS],Unknown,Unknown,8.7
Sreepathy Institute of Management and Technology - [SIMAT] Vavannor,Unknown,Unknown,9.5
Sreyas Institute of Engineering and Technology - [SIET],Unknown,Unknown,8.5
Sri Indu College of Engineering and Technology - [SICET] Ibrahimpatnam,Unknown,Unknown,8.6
Sri Indu Institute of Engineering & Technology - [SIIET],Unknown,Unknown,7.8
Sri Jayachamarajendra College of Engineering - [SJCE],Unknown,Unknown,8.1
Sri Jayaram Institute of Engineering and Technology - [SJIET],Unknown,Unknown,9.2
Sri Krishna College of Engineering and Technology - [SKCET],Unknown,Unknown,8.4
Sri Ramanujar Engineering College - [SREC],Unknown,Unknown,9.0
Sri Sairam College of Engineering,Unknown,Unknown,6.8
Sri Sairam Engineering College,Unknown,Unknown,8.7
Sri Shakthi Institute of Engineering and Technology - [SIET],Unknown,Unknown,5.7
Sri Siddhartha Institute of Technology - [SSIT],Unknown,Unknown,7.8
Sri Vasavi Engineering College - [SVEC],Unknown,Unknown,6.8
Sri Venkateswara College of Engineering & Technology - [SVCET],Unknown,Unknown,4.0
Sri Venkateswara College of Engineering - [SVCE],Unknown,Unknown,8.3
Sri Venkateswara College of Engineering and Technology - [SVCET],Unknown,Unknown,6.7
Sri Venkateswara University - [SVU],Unknown,Unknown,8.0
Srinivasa Ramanujan Institute of Technology - [SRIT],Unknown,Unknown,5.8
St Joseph College of Engineering,Unknown,Unknown,6.2
St Joseph Engineering College - [SJEC],Unknown,Unknown,9.5
St Peter's College of Engineering and Technology - [SPCET],Unknown,Unknown,7.7
St Vincent Pallotti College of Engineering and Technology -[SVPCET],Unknown,Unknown,9.5
St. Aloysius Institute of Technology - [SAIT],Unknown,Unknown,9.5
St. Mary’s Group of Institutions,Unknown,Unknown,6.0
St. Thomas College of Engineering and Technology - [STCET],Unknown,Unknown,8.4
St. Thomas College of Engineering and Technology- [STC],Unknown,Unknown,8.3
St.Joseph's Institute of Technology - [SJIT],Unknown,Unknown,9.3
Starex University,Unknown,Unknown,8.7
State Institute Of Engineering & Technology,Unknown,Unknown,3.2
"Swami Keshvanand Institute of Technology, Management and Gramothan - [SKIT]",Unknown,Unknown,7.6
Symbiosis Institute of Technology - [SIT],Unknown,Unknown,7.3
Symbiosis University of Applied Sciences- [SUAS],Unknown,Unknown,7.7
THDC Institute of Hydro Power Engineering and Technology,Unknown,Unknown,6.7
TKM College of Engineering - [TKMCE],Unknown,Unknown,7.7
TKR College of Engineering and Technology - [TKRCET],Unknown,Unknown,8.5
Techno India University,Unknown,Unknown,8.8
Techno International New Town - [TINT],Unknown,Unknown,6.8
Techno Main Salt Lake,Unknown,Unknown,7.6
Technocrats Institute of Technology - [TIT] (Excellence),Unknown,Unknown,6.4
Technology Education and Research Integrated Institute - [TERII],Unknown,Unknown,8.3
Teerthanker Mahaveer University - [TMU],Unknown,Unknown,9.0
Terna Engineering College Navi Mumbai,Unknown,Unknown,7.8
Thadomal Shahani Engineering College - [TSEC],Unknown,Unknown,7.0
Thakur College of Engineering and Technology - [TCET],Unknown,Unknown,8.7
Thangal Kunju Musaliar Institute of Technology - [TKM],Unknown,Unknown,6.7
Thapar Institute of Engineering and Technology - [Thapar University],Unknown,Unknown,8.2
The LNM Institute of Information Technology - [LNMIIT],Unknown,Unknown,8.3
The National Institute of Engineering - [NIE],Unknown,Unknown,8.5
The Northcap University - [NCU],Unknown,Unknown,8.9
Thiagarajar College of Engineering - [TCE],Unknown,Unknown,9.1
Toc H Institute of Science and Technology - [TIST],Unknown,Unknown,8.9
Tolani Maritime Institute - [TMI],Unknown,Unknown,9.5
Trident Academy of Technology,Unknown,Unknown,10.0
Trinity College of Engineering and Research,Unknown,Unknown,6.8
Tripura Institute of Technology,Unknown,Unknown,8.0
Tula's Institute,Unknown,Unknown,8.9
UPL University of Sustainable Technology,Unknown,Unknown,8.7
UV Patel College of Engineering - [UVPCE],Unknown,Unknown,6.7
United College of Engineering & Research - [UCER],Unknown,Unknown,8.3
Universal College of Engineering,Unknown,Unknown,5.0
"University BDT College of Engineering, Visvesvaraya Technological University - [UBDTCE]",Unknown,Unknown,6.5
"University College of Engineering Panruti, Anna University - [UCEP]",Unknown,Unknown,10.0
"University College of Engineering and Technology, Vinoba Bhave University - [UCET]",Unknown,Unknown,7.0
"University College of Engineering, Anna University - [AUPKT]",Unknown,Unknown,8.2
"University College of Engineering, JNTUK",Unknown,Unknown,7.0
"University College of Engineering, Mahatma Gandhi University - [UCE]",Unknown,Unknown,8.9
University Institute of Engineering and Technology - [UIET],Unknown,Unknown,6.9
University Institute of Engineering and Technology -[UIET],Unknown,Unknown,7.4
"University Institute of Engineering and Technology, Maharshi Dayanand University - [UIET]",Unknown,Unknown,8.0
"University Institute of Engineering, Chandigarh University - [UIE]",Unknown,Unknown,7.3
"University Institute of Technology, Rajiv Gandhi Proudyogiki Vishwavidyalaya - [UIT- RGPV]",Unknown,Unknown,6.2
"University Institute of Technology, University Of Burdwan - [UIT]",Unknown,Unknown,7.7
"University School of Information, Communication  and Technology - [USICT]",Unknown,Unknown,8.3
University Visvesvaraya College of Engineering - [UVCE],Unknown,Unknown,8.2
University college of Engineering,Unknown,Unknown,8.0
University of Calcutta,Unknown,Unknown,7.7
University of Engineering and Management - [UEM],Unknown,Unknown,8.3
University of Kalyani,Unknown,Unknown,6.3
"University of Kerala, University College Of Engineering Kariavattom",Unknown,Unknown,8.2
University of Lucknow - [LU],Unknown,Unknown,6.7
University of Petroleum and Energy Studies - [UPES],Unknown,Unknown,8.4
Usha Mittal Institute of Technology - [UMIT],Unknown,Unknown,9.1
V.R.S College of Engineering and Technology -[VRSCET],Unknown,Unknown,7.5
VIT Bhopal University,Unknown,Unknown,8.4
VIT University - [VIT- AP],Unknown,Unknown,7.8
VSB Engineering College - [VSBEC],Unknown,Unknown,7.9
Vaagdevi College of Engineering  - [VCOE],Unknown,Unknown,7.9
Vaagdevi Engineering College - [VEC],Unknown,Unknown,8.1
Vallurupalli Nageswara Rao Vignana Jyothi Institute of Engineering and Technology - [VNR VJIET],Unknown,Unknown,9.6
Vardhaman College of Engineering - [VCE],Unknown,Unknown,8.8
Varuvan Vadivelan Institute of Technology - [VVIT],Unknown,Unknown,8.3
Vasavi College of Engineering,Unknown,Unknown,8.3
Veer Surendra Sai University of Technology - [VSSUT],Unknown,Unknown,8.3
Veermata Jijabai Technological Institute - [VJTI],Unknown,Unknown,8.3
Vel Tech High Tech Dr.Rangarajan Dr.Sakunthala Engineering College,Unknown,Unknown,9.2
Vel Tech Rangarajan Dr. Sagunthala R and D Institute of Science and Technology - [Vel Tech],Unknown,Unknown,8.1
Velagapudi Ramakrishna Siddhartha Engineering College - [VRSEC],Unknown,Unknown,9.1
Velammal College of Engineering and Technology - [VCET],Unknown,Unknown,7.2
Vellore Institute of Technology - [VIT University],Unknown,Unknown,8.3
Vellore Institute of Technology - [VIT],Unknown,Unknown,8.2
Vidya Academy of Science and Technology - [VAST],Unknown,Unknown,7.8
Vidya Jyothi Institute of Technology - [VJIT],Unknown,Unknown,8.0
Vidya Vikas Institute of Engineering and Technology - [VVIET],Unknown,Unknown,8.0
Vidyalankar Institute of Technology - [VIT],Unknown,Unknown,7.0
Vidyavardhaka College of Engineering - [VVCE],Unknown,Unknown,9.2
Vidyavardhini's College of Engineering and Technology - [VCET],Unknown,Unknown,8.7
Vignan Institute of Technology And Management,Unknown,Unknown,8.0
"Vignan's Foundation for Science, Technology, and Research",Unknown,Unknown,8.0
Vignan's Institute of Information Technology - [VIIT],Unknown,Unknown,8.5
Vignan's Lara Institute of Technology & Science - [VLITS],Unknown,Unknown,8.0
Vignana Bharathi Institute of Technology - [VBIT],Unknown,Unknown,8.6
Vikrant University,Unknown,Unknown,9.0
Vimal Jyothi Engineering College - [VJEC],Unknown,Unknown,7.7
Vishnu Institute of Technology - [VIT],Unknown,Unknown,8.0
Vishwakarma Government Engineering College - [VGEC],Unknown,Unknown,8.7
Vishwakarma Institute of Information Technology - [VIIT],Unknown,Unknown,8.1
Vishwakarma Institute of Technology,Unknown,Unknown,8.4
Vishwakarma University - [VU],Unknown,Unknown,7.7
Visvesvaraya National Institute of Technology - [VNIT],Unknown,Unknown,8.4
Visvodaya Engineering College,Unknown,Unknown,8.8
Viswajyothi College of Engineering and Technology - [VJCET],Unknown,Unknown,7.2
Viva Institute of Technology - [VIOT],Unknown,Unknown,6.8
Vivekanand Education Society Institute of Technology - [VESIT],Unknown,Unknown,8.9
Vivekananda College of Engineering & Technology - [VCET],Unknown,Unknown,8.8
Vivekananda Institute of Technology,Unknown,Unknown,7.7
Vivekananda Institute of Technology - [VIT],Unknown,Unknown,8.5
Vivekanandha College of Engineering for Women - [VCEW],Unknown,Unknown,8.4
Vivekanandha College of Technology for Women - [VCTW],Unknown,Unknown,9.8
Walchand College of Engineering - [WCE],Unknown,Unknown,8.8
Walchand Institute of Technology - [WIT],Unknown,Unknown,7.3
Warner College of Dairy Technology - [WCDT],Unknown,Unknown,8.8
XIM University,Unknown,Unknown,8.2
Xavier Institute of Engineering - [XIE],Unknown,Unknown,6.2
YMCA,Unknown,Unknown,9.7
Yeshwantrao Chavan College of Engineering - [YCCE],Unknown,Unknown,8.0
Zakir Hussain College of Engineering and Technology - [ZHCET],Unknown,Unknown,8.8
Zeal Education Society's Zeal College of Engineering and Research - [ZCOER],Unknown,Unknown,8.0
